Genes,ACE2,ALKBH8,AMOTL1,ANK2,ARID5A,ASB17,ASH2L,ASZ1,ATRX,BAHD1,BBS1,BRINP3,C15orf56,C2orf91,CAB39,CALCR,CALM1,CBARP,CCDC7,CCHCR1,CCNL2,CCT3,CD40,CDK11B,CDK16,CFAP46,CK1E,COL23A1,COL25A1,COL4A4,CPHXL,CRYZ,CT75,CTNNAL1,CUL4B,DDHD1,DDN,DEPDC1,DIS3L,DNMT3B,ECT2,EFEMP1,EHD2,EXD2,EYA1,FAAH,FADS1,FAM135A,FAM13A,FAM47A,FASLG,FBXL14,FBXO40,FGD1,FKRP,FLNC,GABRA1,GIT1,GPR179,GRM8,H2AZ2,H2BC11,H416,HBB_1,HBB_2,hCG_16515,hCG_1740238,hCG_1777785,hCG_1817226,hCG_1993756,hCG_2011944,hCG_2022394,hCG_2032677,hCG_2032754,hCG_2036659,hCG_2038111,hCG_2045472,HKDC1,HLA-B,HSP90AA5P,HSPA8P20,HTATSF1P2,IDUA,IFT27,IGHV,IGHV459,IL6R,IMPA1,KCNMA1,KCTD3,KMT2A,KRT1,KRT5,LENG9,LHX4,LINC01987,LOC102724788,LOC107985971,LOC107986791,LOC399900,LOC554249,MED12L,MEGF8,MYEF2,MYH2,MYH7,MYO1B,NAB2,NAGPA,NARS1,NBAS,NBEAL1,NCOR2,NFYB,NPSR1AS1,OLFML2B,OR10Z1,PDHA2,PGP,PHF1,PIH1D1,PITRM1,PMFBP1,PNMA6A,POLR3C,PRDX2,PRKCI,PROM2,PSKH2,PTK2B,PYCR1,RBM39,RGS12,RGS9,RIMS1,RNF212B,RPEL1,S100A8,SAC3D1,SCGB1C1,SCMH1,SFTPA2,SLC17A7,SLC22A11,SLC22A23,SLC25A20,SLC25A29,SLC50A1,SLC6A8,SREK1,TAF1,TATDN2,Tcr-alpha,TERF2,TFAP2A,THSD7A,TJP2,TMEM200B,TRRAP,TSPAN19,TTN,TWISTNB,UBAC2,UBTFL1,UNC13A,VARS,WDR34,ZCCHC24,ZFP42,ZNF234,ZNF608
0,0,8.386579,7.287812,7.731897,7.368372,7.284393,0,8.205363,15.73572,10.1789,0,5.571342,0,12.50283,12.52557,10.04946,8.621715,9.039065,15.69519,7.459578,7.876903,0,10.24307,11.32342,11.65485,6.75582,8.54917,10.58452,8.052089,11.93884,0,0,9.490096,0,0,0,0,13.19727,10.37764,10.84332,9.853034,8.646235,7.947564,0,10.92604,11.35828,0,8.405726,13.13554,9.505774,6.394905,7.664695,8.163776,0,10.80201,0,6.536058,5.853665,11.64897,9.36432,9.014173,9.380633,8.612209,0,0,11.88165,8.130809,0,11.22686,7.391351,0,11.48496,8.105717,0,9.654908,13.55758,7.717227,7.941895,12.61872,0,11.58442,9.079919,9.565528,0,0,10.13346,9.316771,0,8.192993,14.76321,8.648066,9.418949,11.63205,11.53203,10.23139,12.06078,11.71957,9.144096,0,7.880199,7.80918,0,0,9.054885,0,13.95509,9.839088,13.14537,8.80456,7.174425,10.84774,0,0,0,6.436083,9.85173,10.59183,13.10978,16.33231,11.78889,9.611725,8.983205,0,12.11613,7.773211,0,10.71819,9.683076,9.861379,7.238554,13.85892,0,10.73028,8.264482,9.038797,0,0,9.052625,0,6.540091,9.353356,6.858624,10.77244,9.328417,13.26217,0,13.46533,14.46762,10.97213,8.434243,9.77455,11.2908,12.06917,9.551891,11.02777,7.648875,7.833292,6.600389,8.895683,13.41168,7.945262,6.943974,8.694908,14.47735,0,6.958369,7.934554,7.27898,15.92713,12.00545,6.813715
0,0,0,0,8.511641,0,0,0,8.778321,15.85638,8.709939,0,7.142605,7.635625,0,12.19176,0,0,8.771855,0,7.240852,0,0,10.79565,11.09246,11.54294,13.25478,8.989859,11.18045,8.397095,0,0,0,9.359552,0,0,0,0,13.2246,0,0,15.75651,9.384573,8.349277,0,10.72338,0,0,0,0,0,6.416874,0,8.127448,0,0,0,0,0,0,0,0,0,0,0,0,0,0,0,0,0,0,11.08471,0,0,0,0,6.474263,7.594161,0,0,11.29116,0,9.719868,0,0,0,11.47817,0,0,14.637,0,9.454916,0,0,10.33776,0,10.14622,9.639359,0,0,0,0,9.634863,0,0,0,10.01785,0,0,0,10.58485,0,0,0,7.579131,10.12632,10.30866,12.74592,16.36566,0,0,9.135274,0,0,8.103641,0,11.54775,0,9.794605,0,14.13107,0,11.25234,0,8.458505,0,0,0,0,0,9.970436,7.910395,0,9.044463,13.44887,0,0,0,11.16289,8.79132,9.9509,0,0,9.628828,0,8.034777,7.410855,0,7.790861,0,0,6.122663,0,14.48805,0,0,0,7.631227,16.02296,12.18443,6.558315
0,0,0,0,7.600124,0,0,0,8.217196,15.92986,0,0,5.572131,0,0,12.18567,0,0,0,15.62454,7.167572,0,0,10.52682,11.06863,11.79397,6.112042,8.919734,0,8.019922,0,0,0,9.34621,0,0,0,0,12.58142,0,0,9.768141,8.787765,8.587235,0,8.085054,0,0,0,0,0,5.549012,0,0,0,0,0,0,0,0,0,0,0,0,0,0,0,0,0,0,0,0,0,0,0,0,0,7.82976,7.04583,0,0,11.14874,0,9.697734,0,0,0,8.580737,0,0,14.14814,0,8.872567,0,0,10.04181,0,0,0,0,0,0,0,0,0,0,0,0,0,0,0,10.05892,0,0,0,0,0,10.48411,0,16.33771,0,0,0,0,0,8.202419,0,12.55413,0,0,0,0,0,11.74066,0,0,0,0,0,0,0,9.12542,0,0,9.389693,13.52382,0,0,0,10.76971,0,0,0,0,9.956977,0,0,7.638706,0,8.194364,0,0,6.036867,0,0,0,0,0,7.203963,0,12.49294,6.657884
0,0,0,0,7.779532,0,0,0,9.049714,0,0,0,7.016292,0,0,0,0,0,0,0,7.819282,0,0,0,0,0,7.178438,9.043004,0,8.737282,0,0,0,0,0,0,0,0,0,0,0,9.634809,8.234353,9.019266,0,9.511,0,0,0,0,0,0,13.07843,0,0,0,0,0,0,0,0,0,0,0,0,0,0,0,0,0,0,0,0,0,0,0,0,0,0,0,0,11.08649,0,9.975744,0,0,0,0,0,0,15.33225,0,9.963081,0,0,10.71509,0,0,0,0,0,0,0,0,0,0,0,0,0,0,0,0,0,0,0,0,0,10.16281,15.01344,16.39407,0,0,0,0,0,0,0,10.10768,0,0,0,14.01003,0,10.20263,0,0,0,0,0,0,0,9.724289,0,0,0,13.40936,0,0,0,0,0,0,0,0,9.821774,0,0,8.699668,0,0,0,0,6.474401,0,0,0,0,0,7.756562,0,0,0
0,0,0,0,8.534909,0,0,0,8.489758,0,0,0,7.110003,0,0,0,0,0,0,0,6.901104,0,0,0,0,0,0,8.878273,0,8.648461,0,0,0,9.813266,0,0,0,0,0,0,0,10.05787,8.656592,8.96906,0,0,0,0,0,0,0,0,0,0,0,0,0,0,0,0,0,0,0,0,0,0,0,0,0,0,0,0,0,0,0,0,0,0,0,0,0,12.02699,0,10.16552,0,0,0,0,0,0,14.97163,0,0,0,0,10.56537,0,0,0,0,0,0,0,0,0,0,0,0,0,0,0,0,0,0,0,0,0,10.49344,0,16.31442,0,0,0,0,0,0,0,0,0,0,0,14.08621,0,9.605177,0,0,0,0,0,0,0,9.9707,14.00983,0,0,0,0,0,0,0,0,0,0,0,9.853367,0,13.0914,8.018848,0,0,0,0,7.170546,0,0,0,0,0,7.699783,0,0,0
0,0,0,0,7.707587,0,0,0,8.309871,0,0,0,6.28761,0,0,0,0,0,0,0,7.072088,0,0,0,0,0,0,9.198246,0,9.324618,0,0,0,9.903937,0,0,0,0,0,0,0,10.00304,8.592817,8.891175,0,0,0,0,0,0,0,0,0,0,0,0,0,0,0,0,0,0,0,0,0,0,0,0,0,0,0,0,0,0,0,0,0,0,0,0,0,11.85352,0,10.27701,0,0,0,0,0,0,11.83531,0,0,0,0,11.21409,0,0,0,0,0,0,0,0,0,0,0,0,0,0,0,0,0,0,0,0,0,10.84881,14.74291,16.33475,0,0,0,0,0,0,0,0,0,0,0,14.05639,0,10.28874,0,0,0,0,0,0,0,9.75701,0,0,0,13.37042,0,0,0,0,0,0,0,0,9.845584,0,0,8.324997,0,0,0,0,7.302221,0,0,0,0,0,7.749093,0,0,0
0,0,0,0,0,0,0,0,0,0,0,0,0,12.88439,0,0,0,0,0,0,0,0,0,0,0,0,0,0,0,0,0,0,0,0,0,0,0,0,0,0,0,0,0,0,0,0,0,0,0,0,0,0,0,0,0,0,0,0,0,0,0,0,0,0,0,0,0,0,0,0,0,0,0,0,0,0,0,0,0,0,0,0,0,0,0,0,0,0,0,0,0,0,0,0,0,0,0,0,0,0,0,0,0,0,0,0,0,0,0,0,0,0,0,0,0,0,0,0,0,0,0,0,0,0,0,0,0,0,0,0,0,0,0,0,0,0,0,0,0,0,0,0,0,0,0,0,0,0,0,0,0,0,0,0,0,0,0,7.394433,0,0,0,0,0,0,0,0,0,0,0,0,0,0
0,0,0,0,0,0,0,0,0,0,0,0,0,0,0,0,0,0,0,0,0,0,0,0,0,0,0,0,0,0,0,0,0,0,0,0,0,0,0,0,0,0,0,0,0,0,0,0,0,0,0,0,0,0,0,0,0,12.78979,0,0,0,0,0,0,0,0,0,0,0,0,0,0,0,0,0,0,0,0,0,0,0,0,0,0,0,0,0,0,0,0,0,0,0,0,0,0,0,0,0,0,0,0,0,0,0,0,0,0,0,0,0,0,0,0,0,0,0,0,0,0,0,0,0,0,0,0,0,0,0,0,0,0,0,0,0,0,0,0,0,0,0,0,0,0,0,0,0,0,0,0,0,0,0,0,0,0,0,7.605543,0,0,0,0,0,0,0,0,0,0,0,0,0,0
0,0,0,0,0,0,0,0,0,0,0,0,0,0,0,0,0,0,0,0,0,0,0,0,0,0,0,0,0,0,0,0,0,0,0,0,0,0,0,0,0,0,0,0,0,0,0,0,0,0,0,0,0,0,0,0,0,0,0,0,0,0,0,0,0,0,0,0,0,0,0,0,0,0,0,0,0,0,0,0,0,0,0,0,0,0,0,0,0,0,0,0,0,0,0,0,0,0,0,0,0,0,0,0,0,0,0,0,0,0,0,0,0,0,0,0,0,0,0,0,0,0,0,0,0,0,0,0,0,0,0,0,0,0,0,0,0,0,0,0,0,0,0,0,0,0,0,0,0,0,0,0,0,0,0,0,0,7.920681,0,0,0,0,0,0,0,0,0,0,0,0,0,0
0,0,0,0,0,0,0,0,0,0,0,0,0,0,0,0,0,0,0,0,0,0,0,0,0,13.5093,0,0,0,0,0,0,0,0,0,0,0,0,0,0,0,0,0,0,0,0,0,0,0,0,0,0,0,0,0,0,0,0,0,0,0,0,0,0,0,0,0,0,0,0,0,0,0,0,0,0,0,0,0,0,0,0,0,0,0,0,0,0,0,0,0,0,0,0,0,0,0,0,0,0,0,0,0,0,0,0,0,0,0,0,0,0,0,0,0,0,0,0,0,0,0,0,0,0,0,0,0,0,0,0,0,0,0,0,0,0,0,0,0,0,0,0,0,0,0,0,0,0,0,0,0,0,0,0,0,0,0,7.823914,0,0,0,0,0,0,0,0,0,0,0,0,0,0
0,0,0,0,0,0,0,0,0,0,0,0,0,0,0,0,0,0,0,0,0,0,0,0,0,0,13.21839,0,0,0,0,0,0,0,0,0,0,0,0,0,0,0,0,0,0,0,0,0,0,0,0,0,0,0,0,0,0,0,0,0,0,0,0,0,0,0,0,0,0,0,0,0,0,0,0,0,0,0,0,0,0,0,0,0,0,0,0,0,0,0,0,0,0,0,0,0,0,0,0,0,0,0,0,0,0,0,0,0,0,0,0,0,0,0,0,0,0,0,0,0,0,0,0,0,0,0,0,0,0,0,0,0,0,0,0,0,0,0,0,0,0,0,0,0,0,0,0,0,0,0,0,0,0,0,0,0,0,7.622909,0,0,0,0,0,0,0,0,0,0,0,0,0,0
0,0,0,0,0,0,0,0,0,0,0,0,0,0,0,0,0,0,14.68052,0,0,0,0,0,0,0,0,0,0,0,0,0,0,0,0,0,0,0,0,0,0,0,0,0,0,0,0,0,0,0,0,0,0,0,0,0,0,0,0,0,0,0,0,0,0,0,0,0,0,0,0,0,0,0,0,0,0,0,0,0,0,0,0,0,0,0,0,0,0,0,0,0,0,0,0,0,0,0,0,0,0,0,0,0,0,0,0,0,0,0,0,0,0,0,0,0,0,0,0,0,0,0,0,0,0,0,0,0,0,0,0,0,0,0,0,0,0,0,0,0,0,0,0,0,0,0,0,0,0,0,0,0,0,0,0,0,0,7.121831,0,0,0,0,0,0,0,0,0,0,0,0,0,0
0,0,0,0,0,0,0,0,0,0,0,0,0,0,0,18.4289,0,0,14.53441,0,0,0,0,0,0,0,0,0,0,0,0,0,0,0,0,0,0,0,0,0,0,0,0,0,0,0,0,0,0,0,0,0,0,0,0,0,0,0,0,0,14.62759,0,0,0,0,0,13.20053,0,0,0,0,0,0,0,0,0,0,0,0,0,0,0,0,0,0,0,0,0,0,0,0,0,0,0,0,0,0,0,0,0,0,0,0,0,0,0,0,0,0,0,0,0,0,0,0,0,0,0,0,0,0,0,0,0,0,0,0,0,0,0,0,0,0,0,0,0,0,0,0,0,0,0,0,0,0,0,0,0,0,0,0,0,0,0,0,0,0,7.704527,0,0,0,0,13.40803,0,0,0,0,0,0,0,0,0
0,0,0,0,8.792443,0,0,0,0,0,0,0,0,0,0,0,0,0,0,0,0,0,0,0,0,0,0,0,0,0,0,0,0,0,0,0,0,0,0,0,0,0,0,9.541872,0,0,0,0,0,0,0,0,0,0,0,0,0,0,0,0,0,0,0,0,0,0,0,0,0,0,0,0,0,0,0,0,0,0,0,0,0,11.69572,0,0,0,0,0,0,0,0,0,0,0,0,0,0,0,0,0,0,0,0,0,0,0,0,0,0,0,0,0,0,0,0,0,0,0,0,0,0,0,12.61376,0,0,0,0,0,0,0,0,0,0,0,0,0,0,0,0,0,0,0,0,13.84551,0,0,0,0,0,0,0,0,0,0,0,0,0,0,8.643284,0,0,0,0,13.42776,0,0,0,0,0,0,0,0,0
0,0,0,0,0,0,0,0,0,0,0,0,0,0,0,18.15489,0,0,0,0,0,0,0,0,0,0,0,0,0,0,0,0,0,0,0,0,0,0,0,0,0,0,0,11.97644,0,0,0,0,0,0,0,0,0,0,0,0,0,0,0,0,0,0,0,0,0,0,0,0,0,0,0,0,0,0,0,0,0,0,0,0,0,11.8098,0,0,0,0,0,0,0,0,0,0,0,0,0,0,0,0,0,0,0,0,0,0,0,0,0,0,0,0,0,0,0,0,0,0,0,0,0,0,0,0,0,0,0,0,0,0,0,0,0,0,0,0,0,0,0,0,0,0,0,0,0,0,0,0,0,0,0,0,0,0,0,0,0,0,0,8.911228,0,0,0,0,0,0,0,0,0,0,0,0,0,0
0,0,0,8.921405,0,8.657076,0,12.04175,0,15.44514,0,0,0,0,0,0,0,0,0,0,0,0,0,0,0,0,0,0,0,0,0,0,0,0,0,0,0,0,0,0,0,0,0,0,0,0,0,0,0,0,0,13.28556,0,0,0,0,0,0,0,0,0,0,0,0,0,0,0,0,0,0,9.99657,0,0,0,0,0,0,0,0,0,0,0,0,0,0,0,0,0,0,0,0,0,0,0,0,0,0,0,0,0,0,0,0,0,0,0,0,0,0,0,0,0,15.99877,0,0,0,0,0,0,0,0,0,0,0,0,0,0,0,0,0,0,0,0,0,0,16.04986,0,0,0,0,0,0,0,0,0,0,0,0,0,0,0,0,0,0,0,0,0,10.4296,0,0,0,0,13.47423,0,0,0,8.111006,0,0,0,0,0
0,13.80565,0,10.01596,0,0,8.937142,0,0,0,0,0,0,0,11.9498,0,10.89343,0,0,0,0,0,0,0,0,0,0,0,0,0,0,0,0,0,0,0,0,0,0,0,13.66527,0,0,0,0,0,0,0,0,9.507461,10.85827,0,7.779119,0,0,0,0,0,8.469383,12.56942,0,0,0,9.263891,0,0,0,9.790566,0,13.48355,0,8.54205,0,8.132965,0,9.809055,0,0,0,11.0899,0,0,9.449965,0,0,0,0,0,13.99113,0,0,8.104032,0,0,0,0,0,0,0,0,7.778564,9.433132,0,0,0,0,0,0,10.20983,8.471849,0,0,0,0,0,15.97021,0,0,0,0,10.05589,0,0,0,0,0,0,0,11.06066,0,9.262832,0,10.6225,0,8.994175,0,10.77433,0,0,12.55468,8.891571,15.35305,0,13.22374,0,0,0,0,0,0,14.13288,0,0,10.0607,0,0,0,14.29631,7.76213,0,0,9.472197,0,8.160355,0,0,8.834129,10.00773,0,0,0,0
0,0,0,0,0,0,0,0,0,15.94757,0,0,0,0,0,0,0,0,0,0,0,0,0,0,0,0,0,0,0,0,0,0,0,0,0,0,0,0,0,0,0,0,0,0,0,0,0,0,0,0,0,13.26469,0,0,0,0,0,0,0,0,15.01448,0,14.06168,0,0,0,13.9357,0,0,0,0,0,0,0,0,0,0,0,0,0,0,0,0,0,0,0,0,0,0,0,0,0,0,0,0,0,0,0,0,0,0,0,0,0,0,0,0,0,0,0,0,0,0,0,0,0,0,0,15.50987,0,0,0,0,0,0,0,0,0,0,0,0,0,0,0,0,0,0,0,0,0,0,0,0,0,0,0,0,0,0,0,13.60322,0,0,0,0,0,0,10.94872,0,12.41684,0,0,0,0,0,0,0,0,0,0,0,0
0,0,0,0,0,0,0,0,0,0,0,0,0,12.91212,0,0,0,0,0,0,0,0,0,0,0,0,0,0,0,0,0,0,0,0,0,0,0,0,0,0,0,0,0,0,0,0,0,0,0,0,0,0,0,0,0,0,0,0,0,0,0,0,0,0,0,0,0,0,0,0,0,0,0,0,0,0,0,0,0,0,0,0,0,0,0,0,0,0,0,0,0,0,0,0,0,0,0,0,0,0,0,0,0,0,0,0,0,0,0,0,0,0,0,0,0,0,0,0,0,0,0,0,0,0,0,0,0,0,0,0,0,0,0,0,0,0,0,0,0,0,0,0,0,0,0,0,0,0,0,0,0,0,0,0,0,0,0,0,0,0,0,0,0,0,0,0,0,0,0,0,0,0
0,12.74293,0,8.211225,0,0,0,0,0,0,0,0,0,0,12.11741,0,9.907649,0,0,0,0,8.360072,0,0,0,0,0,0,0,0,0,0,0,0,0,0,0,0,0,0,12.10608,0,0,0,0,0,11.28252,0,0,0,9.259527,0,7.129909,0,0,0,0,0,0,11.76148,0,8.707068,13.99971,8.102964,0,0,0,0,0,11.90702,0,0,0,7.991797,0,9.131137,0,0,0,12.28756,0,0,10.98722,0,0,0,0,0,0,0,0,8.901462,0,11.43676,0,0,11.03656,0,0,0,8.707404,8.855212,0,0,0,0,0,0,0,8.020738,7.167063,0,0,0,0,0,0,0,0,0,11.58403,0,0,0,0,0,0,0,9.607139,0,7.047946,0,0,0,7.702413,0,0,0,0,0,0,0,0,10.60734,0,0,0,0,13.68643,0,0,0,0,11.32255,0,0,0,13.32754,6.336394,0,0,7.548151,0,8.737082,0,0,7.739536,8.925618,0,0,0,0
0,12.96514,0,7.875445,0,0,0,0,0,0,0,0,0,13.05812,12.42497,0,10.14951,0,0,0,0,7.829671,0,0,0,0,0,0,0,0,0,0,0,0,0,0,0,0,0,0,11.58368,0,0,0,0,0,11.31168,0,0,13.26029,9.275232,0,7.090737,0,0,0,0,0,0,11.27355,0,8.739936,0,8.433825,0,13.14762,0,0,0,12.31473,0,0,0,7.910831,0,9.117933,0,0,13.03236,12.31738,0,0,11.30372,0,0,0,0,0,0,0,0,7.835252,0,11.49186,0,0,11.03344,0,0,0,8.71464,8.688765,6.81302,0,0,0,0,0,0,8.550136,6.347046,0,0,0,0,0,0,0,0,0,10.91408,0,0,0,0,0,9.543627,0,9.495731,0,7.385745,0,0,0,7.738744,0,0,9.511145,0,0,0,0,0,10.90205,0,0,0,0,12.70096,0,0,0,0,11.96435,0,0,0,13.50437,6.344808,0,0,8.311603,0,10.21631,0,0,6.865425,9.118995,0,0,0,0
0,0,0,0,0,13.56444,0,0,13.64275,16.13486,0,0,0,13.32488,0,0,0,14.96761,0,0,0,0,0,0,0,0,0,0,0,0,0,0,0,0,0,0,0,0,0,0,0,0,0,0,0,0,0,0,13.18338,13.57784,0,13.26504,0,0,0,0,0,0,0,0,0,0,0,0,0,0,0,0,12.47012,0,0,0,13.12367,0,0,0,0,0,0,0,0,0,0,0,0,0,14.9674,0,0,0,0,0,0,0,0,0,0,0,0,0,0,0,0,0,0,0,0,0,0,0,0,0,0,0,0,0,0,17.94029,0,0,0,0,0,0,0,0,0,0,0,0,0,15.71747,0,14.02279,14.14902,16.04708,0,0,0,0,12.96281,0,14.27566,0,14.01126,0,0,0,0,0,0,0,0,0,0,0,0,0,0,0,0,0,0,0,0,0,0,0,0,0,0,0
0,0,0,0,0,0,0,0,0,0,0,0,0,0,0,0,0,0,0,0,0,0,0,0,0,0,0,0,0,0,0,0,0,0,0,0,0,0,0,0,0,0,0,0,0,0,0,0,0,0,12.97027,0,0,0,0,0,0,0,0,0,0,0,0,0,0,0,0,0,0,0,0,0,0,0,0,0,0,0,0,0,0,0,15.20787,0,0,0,0,0,13.48715,0,15.12533,0,0,0,0,0,0,0,0,0,0,0,0,0,0,0,15.16475,0,0,0,0,0,0,0,0,0,0,0,0,0,0,0,0,0,0,0,13.35847,0,0,0,0,0,0,0,14.12351,0,0,0,0,0,0,0,0,0,0,0,0,0,0,0,0,0,0,0,15.26733,0,17.03923,0,0,0,0,0,0,0,0,0,0,0,0,0,0,0
0,0,0,13.22007,0,0,0,0,0,0,0,0,0,0,0,0,0,0,0,0,0,0,0,15.9138,0,0,0,0,0,0,13.63066,0,0,0,0,0,0,0,0,0,0,0,0,0,0,0,0,0,0,0,0,13.08648,0,0,0,0,0,0,0,0,0,0,0,0,0,13.35592,0,0,0,0,0,0,0,0,0,0,0,0,0,0,0,0,0,0,0,0,0,0,13.56189,0,15.51051,0,0,0,0,0,0,0,0,0,0,0,0,0,0,0,0,0,0,0,0,0,0,0,0,0,0,17.83007,15.29822,0,0,0,0,0,0,0,0,0,0,0,0,0,0,0,14.16321,15.97358,0,0,0,0,0,15.51465,14.00166,0,0,0,0,0,0,0,0,0,0,0,0,0,16.16222,0,0,0,13.71547,0,0,15.32507,0,0,0,0,0,0,0,0
0,0,0,0,0,0,0,0,0,16.33078,0,0,0,13.77129,0,0,0,0,0,0,0,0,0,0,0,0,0,0,0,0,0,0,0,0,0,0,0,0,0,0,0,0,0,0,0,0,0,0,0,13.80608,0,13.5249,0,0,0,0,0,0,13.73881,0,0,0,0,0,0,0,0,0,0,0,0,0,0,0,0,0,0,0,0,0,0,0,0,0,0,0,0,0,0,0,15.83939,0,0,0,0,0,0,0,0,0,13.37573,0,0,0,0,0,0,0,0,0,0,0,0,0,0,15.95637,0,0,15.75914,0,0,0,0,0,0,0,0,0,0,0,0,0,0,14.24402,0,0,0,0,0,0,0,16.02596,0,0,0,0,0,0,0,0,0,0,0,0,0,0,0,0,0,0,0,0,0,0,0,0,0,0,0,16.11515,0,0
0,0,0,0,0,0,0,0,0,16.29869,0,0,0,0,0,0,0,0,0,0,0,0,0,15.88064,11.83628,0,0,0,0,15.68115,0,0,0,0,0,0,0,0,0,0,0,15.80844,0,0,0,0,0,0,0,0,0,0,0,0,0,0,0,11.63001,0,0,0,0,0,0,0,0,0,0,0,0,0,0,0,0,0,0,0,0,0,0,0,0,0,0,0,0,0,0,0,0,15.53369,0,0,0,0,0,0,0,0,0,0,0,0,0,0,0,0,10.28619,15.62682,0,0,0,16.34119,0,0,15.90816,0,0,15.83749,0,0,0,0,0,0,0,0,0,0,0,0,0,0,0,0,0,0,0,0,0,0,0,0,0,0,0,0,0,16.03915,10.94987,0,0,0,0,15.67538,0,0,0,0,0,0,0,0,0,0,0,0,0,0,15.9667,0,0
0,0,0,0,0,0,0,0,0,16.28481,0,0,0,0,0,0,0,0,0,0,0,0,0,0,11.75366,0,0,0,12.87125,0,0,0,0,0,15.47507,0,0,0,13.27662,0,0,0,0,0,0,0,0,0,0,0,0,0,0,0,0,0,0,11.69736,0,0,0,0,0,0,0,0,0,0,0,0,0,0,0,0,0,0,0,12.09759,0,0,0,0,0,0,13.58832,0,0,0,0,0,15.73561,0,0,0,0,0,0,0,0,0,13.30522,0,0,15.15257,0,0,0,10.05724,15.67723,0,0,0,16.30746,0,0,0,11.81347,0,15.55647,16.57284,0,0,12.08179,0,0,0,0,14.0508,13.72652,0,0,0,0,0,0,0,0,0,0,0,0,0,8.092267,0,12.57364,0,0,0,0,10.75868,0,15.72544,0,0,0,0,0,0,0,12.52093,0,0,0,0,0,0,0,0,0,15.932,0,0
0,0,8.852239,0,0,0,0,0,0,0,0,0,0,0,0,0,0,0,0,0,0,0,0,0,9.277048,0,0,0,12.73858,0,0,0,0,0,0,0,0,10.24464,0,0,0,0,0,0,0,0,0,0,0,0,0,0,0,0,0,0,0,0,0,0,0,0,0,0,0,0,0,0,0,0,0,0,0,0,0,0,0,7.077804,0,0,0,0,0,0,0,0,0,0,0,0,0,0,0,0,0,15.97431,0,0,0,0,0,0,0,0,0,0,0,10.66771,0,0,0,0,0,0,0,0,7.802126,0,0,0,0,0,11.77211,0,0,0,0,0,0,7.91644,0,0,0,0,0,9.38271,0,0,0,0,0,0,8.436413,0,9.871536,0,0,0,0,8.288449,0,0,0,0,0,0,0,0,0,9.679026,0,0,13.24529,0,0,0,0,0,0,0,0,7.324725
0,0,0,0,0,7.043127,0,0,0,0,0,0,0,0,0,0,0,0,0,0,0,0,0,0,0,0,0,0,0,0,0,0,0,0,0,0,0,0,0,0,0,0,0,0,0,0,0,0,0,0,0,0,0,0,0,0,0,0,0,0,0,0,0,0,0,0,0,0,0,0,0,0,0,0,0,0,0,0,0,0,0,0,0,0,0,0,0,0,0,0,0,0,0,0,0,0,0,0,0,0,0,0,0,0,0,0,0,0,0,0,0,0,0,0,0,0,0,0,0,0,0,0,0,0,0,0,0,0,0,0,0,0,0,0,0,0,0,0,0,0,0,0,0,0,0,0,0,0,0,0,0,0,0,0,0,0,0,0,0,0,0,0,0,0,0,0,0,0,0,0,0,0
0,0,0,0,0,0,0,0,0,0,0,0,0,0,0,0,0,0,0,0,0,0,0,0,0,0,0,0,0,0,0,0,0,0,0,10.92859,0,0,0,0,0,0,0,0,0,0,0,0,0,0,0,0,0,0,0,0,0,0,0,0,14.07508,0,0,0,0,0,0,0,0,0,0,0,0,0,0,0,13.71836,0,0,0,0,0,0,0,0,0,0,0,0,0,0,0,0,0,0,0,0,0,0,0,0,0,0,0,0,0,0,0,0,0,0,0,0,0,0,0,0,0,0,0,0,0,0,0,0,0,0,0,0,0,0,0,0,0,0,0,0,0,0,0,0,0,0,0,0,0,0,0,0,0,0,0,0,0,0,0,8.577692,0,0,0,0,0,0,0,0,0,0,0,0,0,0,0
0,0,0,0,6.586014,0,0,0,0,0,0,0,0,0,0,0,0,0,0,0,0,0,0,0,0,13.79422,13.08188,8.724499,0,0,0,0,0,0,0,0,0,0,0,0,0,0,0,8.638399,0,0,0,0,0,0,0,0,0,0,0,0,0,0,0,0,0,0,0,0,0,0,0,0,0,0,0,0,0,0,0,0,0,0,0,0,0,0,0,9.534991,0,0,0,0,0,0,0,0,10.12974,0,0,0,0,0,0,0,0,0,0,0,0,0,0,0,0,0,0,0,0,0,0,0,0,0,0,0,0,0,0,0,0,0,0,0,0,0,0,14.02298,0,0,0,0,0,0,0,0,0,0,0,0,0,0,0,0,0,0,0,0,0,0,0,0,0,8.479646,0,0,13.57453,0,7.210819,0,0,0,0,0,0,0,0,0
0,0,0,0,8.366412,0,0,0,9.774661,0,0,0,0,0,0,0,0,0,0,0,0,0,0,0,0,0,0,9.851866,0,0,0,0,0,0,0,0,0,0,0,0,0,0,0,8.313778,0,0,0,0,0,0,0,0,0,0,0,0,0,0,0,0,0,0,0,0,0,0,0,0,0,0,0,0,0,0,0,0,0,0,0,0,0,11.07352,0,9.790759,0,0,0,0,0,0,0,0,0,0,0,0,0,0,0,0,0,0,0,0,0,0,0,0,0,0,0,0,0,0,0,0,0,0,0,0,0,0,0,0,0,0,0,0,0,0,0,14.12836,0,0,0,0,0,0,0,0,0,0,0,0,0,0,0,0,0,0,0,0,0,0,0,0,0,7.750455,0,0,0,0,8.186522,0,0,0,0,0,0,0,0,0
0,0,0,0,7.864362,0,0,0,9.113997,0,0,0,0,0,0,0,0,0,0,0,0,0,0,0,0,0,0,8.914078,0,0,0,0,0,0,0,0,0,0,0,0,0,0,0,8.286161,0,0,0,0,0,0,0,0,0,0,0,0,0,0,0,0,0,0,0,0,0,0,0,0,0,0,0,0,0,0,0,0,0,0,0,0,0,10.99527,0,9.515059,0,0,0,0,0,0,0,0,0,0,0,0,0,0,0,0,0,0,0,0,0,0,0,0,0,0,0,0,0,0,0,0,0,0,0,0,0,0,0,0,0,0,0,0,0,0,0,0,0,0,0,0,0,0,0,0,0,0,0,0,0,13.70436,0,0,0,0,0,0,11.78205,0,0,0,0,8.266832,0,0,0,0,6.757235,0,0,0,0,0,0,0,0,0
0,0,0,0,8.900133,0,0,0,9.964802,0,0,0,0,13.36331,0,0,0,0,0,0,0,0,0,0,0,0,0,9.596038,0,0,0,0,0,0,0,0,0,0,0,0,0,0,0,9.287093,0,0,0,0,0,0,0,0,0,0,0,0,0,0,0,0,0,0,0,0,0,0,0,0,0,0,0,0,0,0,0,0,0,0,0,0,0,11.07684,0,10.3597,0,0,0,0,0,0,0,0,0,0,0,0,0,0,0,0,0,0,0,0,0,0,0,0,0,0,0,0,0,0,0,0,0,10.13285,0,0,0,0,0,0,0,0,0,0,0,0,0,13.96305,0,0,0,0,0,0,0,0,0,0,0,0,0,0,0,0,0,0,0,0,0,0,0,0,0,8.510054,0,0,0,0,0,0,0,0,0,0,0,0,0,0
0,0,0,0,9.232736,0,0,0,8.467468,0,0,0,0,0,0,0,0,0,0,0,0,0,0,0,0,0,0,9.275078,0,0,0,0,0,0,0,0,0,0,0,0,0,0,0,9.177624,0,0,0,0,0,0,0,0,0,0,0,0,0,0,0,0,0,0,0,0,0,0,0,0,0,0,0,0,0,0,0,0,0,0,0,0,0,12.24784,0,10.64064,0,0,0,0,0,0,0,0,0,0,0,0,0,0,0,0,0,0,0,0,0,0,0,0,0,0,0,0,0,0,0,0,0,0,0,0,0,0,0,0,0,0,0,0,0,0,0,14.07211,0,0,0,0,0,0,0,0,0,0,0,0,0,0,0,0,0,0,0,0,0,0,0,0,0,8.803391,0,0,0,0,0,0,0,0,0,0,0,0,0,0
0,0,0,0,8.336746,0,0,0,8.937912,0,0,0,0,0,0,0,0,0,0,0,0,0,0,0,0,0,13.08233,9.130774,0,0,0,0,0,0,0,0,0,0,0,0,0,0,0,9.128612,0,0,0,0,0,0,0,0,0,0,0,0,0,0,0,0,0,0,0,0,0,0,0,0,0,0,0,0,0,0,0,0,0,0,0,0,0,12.35597,0,0,0,0,0,0,0,0,0,0,0,0,0,0,0,0,0,0,0,0,0,0,0,0,0,0,0,0,0,0,0,0,0,0,0,0,0,0,0,0,0,0,0,0,0,0,0,0,0,0,0,0,0,0,0,0,0,0,0,0,0,0,0,0,0,0,0,0,0,0,0,0,0,0,0,9.393905,0,0,0,0,0,0,0,0,0,0,0,0,0,0
0,0,0,0,7.869727,0,0,0,8.281881,0,0,0,0,0,0,0,0,0,0,0,0,0,0,0,0,0,0,9.060814,0,0,0,0,0,0,0,0,0,0,0,0,0,0,0,8.403147,0,0,0,0,0,0,0,0,0,0,0,0,0,0,0,0,0,0,0,0,0,0,0,0,0,0,0,0,0,0,0,0,0,0,0,0,0,11.3439,0,0,0,0,0,0,0,0,0,0,0,0,0,0,0,0,0,0,0,0,0,0,0,0,0,0,0,0,0,0,0,0,0,0,0,0,0,0,0,0,0,0,0,0,0,0,0,0,0,0,0,0,0,0,0,0,0,0,0,0,14.29906,0,0,0,0,0,0,0,0,0,0,0,0,0,0,8.297236,0,0,0,0,0,0,0,0,0,0,0,0,0,0
0,0,0,0,7.380455,0,0,0,9.91415,0,0,0,0,0,0,0,0,0,0,0,0,0,12.99422,0,0,0,0,8.697433,0,0,0,0,0,0,0,0,0,0,0,0,0,0,0,8.168818,0,0,0,0,0,0,0,0,0,0,0,0,0,0,0,0,0,0,0,0,0,0,0,0,0,0,0,0,0,0,0,0,0,0,0,0,0,10.3681,0,0,0,0,0,0,0,0,0,0,0,0,0,0,0,0,0,0,0,0,0,0,0,0,0,0,0,0,0,0,0,0,0,0,0,0,0,0,0,0,0,0,0,0,0,0,0,0,0,0,0,0,0,0,0,0,0,0,0,0,0,0,0,13.55088,0,0,0,0,0,0,0,0,0,0,0,7.427937,0,0,0,0,0,0,0,0,0,0,0,0,0,0
0,0,0,0,0,0,0,0,0,0,0,0,0,0,0,0,0,0,0,0,0,0,13.186,0,0,0,13.03831,0,0,0,0,0,0,0,0,0,0,0,0,0,0,0,0,0,0,0,0,0,0,0,0,0,0,0,0,0,0,13.1681,0,0,0,0,0,0,0,0,0,0,0,0,0,0,0,0,0,0,0,0,0,0,0,0,0,0,0,0,0,0,0,0,0,0,0,0,0,0,0,0,0,0,0,0,0,0,0,0,0,0,0,0,0,0,0,0,0,0,0,0,0,0,0,0,0,0,0,0,0,0,0,0,0,0,0,0,0,0,0,0,0,0,0,0,14.2538,0,0,13.90512,0,0,0,0,0,0,0,0,0,0,0,7.967294,0,0,0,0,0,0,0,0,0,0,0,0,0,0
0,12.99775,0,8.04442,0,0,6.618648,0,0,0,0,0,0,0,12.37123,0,10.26884,0,0,0,0,0,0,0,0,0,0,0,0,0,0,0,0,0,0,0,0,0,0,0,12.36628,0,0,0,0,0,10.97091,0,0,0,8.61988,0,8.014757,0,0,0,0,0,0,10.6484,0,9.269915,0,7.839656,8.507501,0,0,0,0,12.02967,0,0,0,7.662669,0,8.690237,0,0,0,12.3509,0,0,8.766185,0,0,0,0,0,0,0,0,7.896441,0,0,0,0,11.80583,11.33225,0,0,8.470942,8.004685,6.791014,0,0,0,0,0,0,8.615722,6.817002,0,0,0,0,0,0,0,0,0,10.90213,0,0,0,0,0,0,0,9.674231,0,7.443946,0,0,0,7.312575,0,0,0,0,0,0,0,13.83243,0,0,0,0,0,13.34639,0,0,0,0,11.56474,0,0,0,0,6.406266,0,0,8.283443,0,9.789231,0,0,8.101911,8.245802,0,0,0,0
0,0,0,0,0,0,0,0,0,0,0,0,0,0,0,0,0,0,0,0,0,0,0,0,0,0,0,0,0,0,0,0,0,0,0,0,0,0,0,0,0,0,0,0,0,0,0,0,0,0,0,0,0,0,0,0,0,0,0,0,0,0,0,0,0,0,0,0,0,0,0,0,0,0,0,0,0,0,0,0,0,0,0,0,0,0,0,0,0,0,0,0,0,0,0,0,0,0,0,0,0,0,0,0,0,0,0,0,0,0,0,0,0,0,0,0,0,0,0,0,0,0,0,0,0,0,0,0,0,0,0,0,0,0,0,0,0,0,0,0,0,0,13.89573,0,0,0,0,0,0,0,0,0,0,0,0,0,0,0,0,0,0,0,0,0,0,0,0,0,0,0,0,0
0,0,0,0,0,0,0,0,0,0,0,0,0,0,0,0,0,0,0,0,0,0,0,0,0,0,0,0,0,0,0,0,0,0,0,0,0,0,0,0,0,0,0,0,0,0,0,0,0,0,0,0,0,0,0,0,0,0,0,0,15.06847,0,0,0,0,0,0,0,0,0,0,0,0,0,0,0,0,0,0,0,0,0,0,0,0,0,0,0,0,0,0,0,0,0,0,0,0,0,0,0,0,0,0,0,0,0,0,0,0,0,0,0,0,0,0,0,0,0,0,0,0,0,0,0,0,0,0,0,0,0,0,0,0,0,0,0,0,0,0,0,0,0,0,0,0,0,0,0,0,0,0,0,0,0,0,0,0,0,0,0,0,0,0,0,0,0,0,0,0,0,0,0
0,0,0,0,0,0,0,0,0,0,0,0,0,0,0,0,0,0,0,0,0,0,0,0,11.13184,0,0,0,12.10738,0,0,0,0,0,0,0,0,15.69166,13.22368,0,0,0,0,0,0,0,0,0,0,0,0,13.12669,0,0,0,0,0,0,0,0,0,0,0,0,0,0,0,0,0,0,0,0,0,0,0,0,0,7.076634,0,0,0,0,0,0,0,0,0,0,0,0,0,0,0,0,0,0,0,0,0,0,0,0,0,0,0,0,0,10.58096,0,0,0,0,0,0,0,0,11.38014,0,0,0,0,0,10.86696,0,0,0,0,11.02065,0,9.16081,0,0,0,0,0,10.02546,0,0,0,0,0,0,7.847638,0,10.30136,0,0,0,0,10.14964,0,10.17487,0,0,0,0,0,0,0,9.371026,0,0,0,0,0,0,0,0,0,0,0,7.609597
0,0,0,0,0,0,0,0,0,15.41794,0,0,0,0,0,0,0,0,0,0,0,0,0,0,10.28644,0,15.54857,0,12.35314,0,0,0,0,0,0,0,0,0,13.63092,0,0,0,0,0,0,0,0,0,0,0,0,0,0,0,0,0,0,0,0,0,0,0,0,0,0,0,0,0,0,0,0,0,0,0,0,0,0,6.678617,0,0,0,0,0,0,0,0,0,0,0,0,0,0,0,0,0,0,0,0,0,0,0,0,0,0,0,0,0,10.96896,0,0,0,0,15.79527,0,0,0,10.06851,0,0,0,0,12.43009,9.592404,0,0,0,0,10.92303,0,8.402954,0,0,0,0,0,9.547623,0,0,0,0,0,0,8.10433,0,10.59233,0,0,0,0,9.362791,0,9.424453,0,0,0,0,0,0,0,9.496298,0,0,0,0,0,0,0,0,0,0,0,7.946946
0,0,0,0,0,0,0,0,0,15.46933,0,0,0,0,0,0,0,0,0,0,0,0,0,0,0,0,15.4053,0,0,0,0,0,0,0,0,0,0,0,0,0,0,0,0,0,0,0,0,0,0,0,0,0,0,0,0,0,0,0,0,0,0,0,0,0,0,0,0,0,0,0,0,0,0,0,0,0,0,0,0,0,0,0,12.62062,0,0,0,0,0,0,0,0,0,0,0,0,0,0,0,0,0,0,0,0,0,0,0,0,0,0,0,0,0,0,0,0,0,0,0,0,0,0,0,0,0,0,0,0,0,0,0,0,0,0,0,0,0,0,0,0,0,0,0,0,0,0,0,0,0,0,0,0,0,0,0,0,0,0,0,0,0,0,0,0,0,0,0,0,0,0,0,0,0
0,0,0,13.20931,0,13.65267,12.68633,0,0,0,0,0,0,0,0,18.30345,0,0,0,0,0,0,0,0,0,0,0,0,0,0,0,0,0,0,0,0,0,0,0,0,0,0,0,0,0,0,0,0,0,0,0,0,0,0,0,0,0,0,0,0,15.12824,0,0,0,0,0,0,0,0,0,12.65018,0,0,0,0,0,0,0,0,0,0,0,0,0,0,0,0,0,13.58546,0,0,0,16.12088,0,0,0,0,0,0,13.05264,13.30583,0,0,0,0,0,0,0,0,0,0,0,0,0,0,0,0,0,0,0,0,0,0,0,0,0,0,0,0,0,0,15.15483,0,0,0,0,13.8107,0,0,0,13.21733,15.99355,0,12.82856,0,0,0,0,0,0,0,15.84096,0,0,0,0,0,0,13.64217,0,0,0,0,15.20999,0,0,0,0,0,0,0,0
0,0,0,0,0,0,0,0,0,15.90204,0,0,0,0,0,0,0,0,0,0,0,0,0,0,0,13.64883,0,0,0,15.74608,0,0,0,0,0,0,0,0,0,0,0,15.66764,0,0,0,14.5969,0,0,13.95972,0,0,0,0,0,0,0,0,0,0,0,0,0,0,0,0,0,0,0,0,0,0,0,13.48649,0,0,0,0,15.69244,0,0,0,0,0,0,0,0,0,0,0,0,15.8596,0,16.49976,0,0,0,0,0,0,0,0,0,0,0,0,0,0,0,0,0,0,0,0,0,0,15.79401,0,0,15.99134,0,0,0,0,0,0,0,0,0,0,15.47424,0,0,0,0,0,0,13.83454,0,0,0,0,15.85619,0,0,0,0,0,0,0,0,0,0,0,0,0,0,0,0,0,0,0,0,0,15.51352,14.18801,0,0,0,0,0,0,0
0,0,0,0,0,0,0,0,0,15.94777,0,0,0,0,0,0,0,0,0,0,0,0,0,0,0,0,0,0,0,0,0,0,0,0,0,0,0,0,0,0,0,0,0,0,0,0,0,0,0,0,0,13.65834,0,0,0,0,14.87616,0,0,0,15.17132,0,0,0,0,13.4848,14.50141,0,0,0,0,0,0,0,0,0,0,0,0,0,0,0,0,0,13.45301,0,0,0,0,0,15.62369,0,16.37927,0,0,0,0,0,0,0,13.23265,0,0,0,0,0,0,0,0,0,0,0,0,0,0,0,0,0,15.87549,0,0,0,0,0,0,0,0,0,0,0,0,0,0,0,0,0,0,0,0,0,0,15.91826,0,0,0,0,0,0,0,0,0,0,0,0,0,0,0,0,0,0,0,0,0,0,0,0,0,0,0,15.78307,0,0
1,0,0,13.94185,16.09902,14.40953,13.53308,0,0,0,0,16.95947,0,0,13.45589,16.98098,0,13.94462,14.44638,0,0,0,0,16.39352,14.47842,0,0,13.82469,0,15.9216,0,0,0,0,0,0,0,0,0,0,0,16.29097,0,12.98891,0,15.5592,0,0,0,0,13.98707,0,0,0,0,0,0,14.80607,0,0,15.14294,0,0,0,12.93432,14.41125,14.1444,0,15.00971,12.83287,13.81051,0,0,0,0,0,13.84697,13.54249,0,0,14.9395,0,0,0,0,0,0,14.52203,0,0,0,0,15.07235,13.17064,0,0,0,0,0,13.82957,0,0,0,15.53959,0,0,14.20137,0,0,0,0,0,0,0,0,15.92597,0,0,15.83831,16.34824,0,0,0,0,0,0,14.05557,13.16416,0,0,13.80512,0,0,0,0,0,0,0,0,0,13.78094,0,15.16912,0,0,0,0,0,15.95495,0,15.13219,0,14.87075,0,0,0,0,14.32874,0,0,14.20717,15.92115,14.1202,0,0,15.12474,0,0,0,16.26266,15.06315,13.46792
1,0,0,13.80779,15.57219,14.31994,13.76369,13.69938,0,16.23245,0,0,0,0,13.63191,0,0,13.69925,0,15.58364,0,0,0,16.08797,0,0,13.69137,14.02653,0,0,13.94567,0,0,14.2963,15.71533,0,0,0,0,0,0,15.90827,0,13.42605,0,0,0,0,0,0,0,13.4226,0,13.96658,0,0,0,14.68734,13.88347,0,14.94927,0,0,0,0,14.60226,0,0,13.21272,0,0,0,13.56973,0,0,0,13.92235,0,0,0,0,15.30578,0,0,13.72866,0,14.37887,0,0,0,0,13.56803,15.13675,13.27885,0,15.97941,0,0,0,13.79332,13.64279,0,0,0,0,0,0,14.54301,15.59899,0,0,0,0,0,0,0,0,17.16019,0,0,0,0,0,0,0,0,0,0,0,0,0,0,0,0,0,0,0,0,0,0,13.86324,16.24607,15.10665,13.33946,0,14.4273,0,0,0,0,14.40228,0,0,0,15.84297,0,13.18109,14.28394,0,13.19277,14.2145,16.08957,14.38085,15.5957,0,13.29549,14.58702,0,0,0,0,0
1,0,0,0,0,0,0,0,0,0,13.753,0,0,13.81898,13.64666,0,0,0,0,15.39423,0,0,0,16.15845,0,14.0819,13.69937,0,13.81799,15.6531,13.84085,0,0,0,0,0,0,0,0,0,0,16.15004,0,0,0,0,0,0,14.3892,14.00181,0,0,0,0,0,0,12.13141,14.76759,13.90711,0,15.00381,0,0,0,0,0,14.07004,0,0,0,0,0,0,0,0,0,0,13.77591,0,0,0,0,0,14.57834,0,0,0,0,13.991,0,15.67802,0,0,0,0,14.67289,0,0,14.51641,13.64596,13.61054,0,13.81589,0,0,0,14.31658,14.30993,15.59746,0,0,0,0,0,0,0,0,0,0,0,0,0,0,0,0,0,0,0,14.30072,0,13.84006,14.62234,0,0,13.88053,16.3871,0,0,0,0,0,0,0,0,0,14.3741,0,0,0,0,14.33454,0,0,0,15.88523,0,0,0,0,13.24286,14.37955,15.94511,14.25773,0,0,0,0,0,14.31803,0,0,0
1,0,0,0,0,0,0,0,14.41862,0,0,0,0,14.64832,0,0,0,14.81666,0,15.58661,15.58169,15.62598,0,15.90079,0,0,0,0,0,0,13.74087,0,0,0,0,15.49432,0,15.82372,14.93862,0,0,0,0,0,0,0,14.99814,0,0,0,15.67537,0,15.16176,13.91193,14.67126,0,0,14.95385,0,0,15.07394,17.29863,0,0,0,0,14.41397,0,0,0,0,0,0,0,0,0,14.67689,14.77624,0,0,0,14.81578,0,14.34364,0,0,14.59185,0,15.49604,0,15.76422,0,0,15.62027,0,15.97393,0,15.35145,0,0,14.81262,0,15.22363,0,0,0,0,0,0,14.09475,0,0,16.12072,0,0,16.06846,0,0,0,0,0,0,0,0,14.05647,0,0,0,15.0019,15.46129,14.65319,14.76682,0,14.51648,16.39842,16.34502,15.07474,0,16.08728,0,0,0,0,0,0,14.05844,0,0,16.20611,0,14.44662,15.87535,0,0,0,15.59614,13.15054,14.40599,0,0,14.6498,0,0,0,0,0,0,0,0,0,0,0
1,0,0,0,0,0,14.2265,14.37819,0,15.5577,14.85809,16.53726,18.06105,14.144,0,0,0,14.49781,0,15.58452,15.35328,0,0,16.23214,14.45594,0,0,14.10308,0,0,0,0,0,15.10553,15.46339,0,0,15.57543,14.42211,0,0,16.12,0,0,0,0,0,0,0,0,15.00591,14.85473,0,0,13.81112,0,0,0,14.01212,15.27196,14.58359,0,0,0,0,13.98,13.87044,0,0,0,0,14.929,14.67981,0,0,0,0,0,14.12766,14.73812,0,0,14.19638,0,0,0,0,0,14.78729,0,15.83003,0,14.64523,0,0,14.96778,0,0,0,0,14.11529,0,0,0,0,0,0,0,0,0,0,15.24169,0,0,0,0,0,0,15.71747,16.29859,0,0,0,0,0,14.94223,14.94192,0,14.16805,0,14.32732,0,0,0,15.71326,0,0,0,15.2325,0,14.16476,15.60038,0,14.04458,14.96221,0,0,15.19425,0,15.15684,0,15.56429,0,12.83083,15.82857,15.12615,0,13.96187,0,13.86831,14.18056,13.25899,14.43134,15.5113,14.61898,0,0,0,14.94049,0,0,0
1,0,0,14.76025,15.71062,0,0,14.04003,0,16.2498,14.39412,16.30735,15.1083,14.71386,14.90451,18.31363,0,0,0,15.58121,0,0,14.0386,0,0,0,13.50434,14.67268,14.729,15.4627,0,0,0,0,0,15.38628,0,0,14.92914,0,15.4045,15.6934,0,12.90949,0,15.15329,14.65791,0,0,15.27238,0,0,15.13923,14.72078,0,0,12.39784,0,14.91325,0,15.11331,17.33245,0,17.18892,0,15.55331,0,0,14.0792,0,0,0,14.17705,0,0,0,14.75394,0,0,0,14.06371,0,0,0,14.29405,0,0,14.22429,15.44002,0,15.55301,0,15.15879,15.66466,14.46006,14.98995,15.57919,0,0,15.19544,14.78515,0,0,0,15.19457,0,0,0,15.87452,0,0,14.86652,16.14096,0,0,16.05968,0,0,0,16.15226,0,0,0,0,0,0,0,0,14.79315,15.4761,0,14.74367,0,0,16.4091,0,0,15.51505,16.015,0,0,16.03299,0,0,0,14.07336,18.24776,14.72672,0,0,0,0,0,0,0,15.57389,13.09601,14.50687,0,0,0,0,0,0,14.27713,0,15.06457,15.51275,14.35457,0,0,14.76894
1,15.86021,0,15.73296,0,0,0,0,15.20634,16.39743,15.11571,16.50237,0,15.27426,15.37355,18.21462,0,15.83916,0,0,15.29961,15.31743,0,16.16363,15.55864,15.21348,14.0923,0,0,15.91357,15.31079,0,0,0,15.44682,15.31844,0,15.93874,15.6765,0,15.32445,0,14.90687,0,0,0,0,0,15.73074,15.56079,0,14.70494,15.19372,0,0,0,0,0,15.40169,16.53041,0,17.91632,0,0,16.97084,17.56944,0,0,14.74923,0,0,15.11874,0,0,0,0,0,15.53214,0,0,14.65082,15.19733,0,0,0,0,0,0,16.35408,0,15.86784,0,15.61974,15.71456,15.14807,0,15.73378,16.29066,0,15.24448,0,0,0,15.55968,0,0,0,0,16.05677,14.86908,0,15.35241,16.27279,0,0,16.26145,0,0,15.71594,16.25224,0,0,0,0,0,15.10783,0,15.07697,15.31375,0,0,0,0,0,16.84436,16.89981,16.04291,0,16.60132,0,0,16.2333,15.92286,15.62712,0,0,0,15.14155,16.33771,17.04132,0,16.14937,0,0,0,0,0,0,0,15.62682,0,0,0,0,14.44772,0,16.14221,15.73353,14.93758,0,0,0
1,0,15.80889,15.88212,0,0,0,0,0,16.29156,15.36842,16.93626,18.23502,15.40461,15.54492,0,0,15.90531,0,15.67056,0,0,0,0,0,16.26823,14.24786,15.24433,0,16.1942,0,0,0,0,15.51429,15.34557,0,0,0,0,15.85406,0,0,0,15.10445,0,15.88585,15.06495,15.8312,0,0,0,15.31913,0,0,15.29909,0,0,0,16.58239,0,17.97407,0,17.7332,16.95119,17.64927,0,0,0,0,0,0,0,0,0,0,0,0,0,0,15.23957,0,0,0,0,0,15.40168,0,16.24755,0,16.29299,0,15.68704,15.67007,0,0,0,0,0,15.31058,0,0,0,16.02004,15.84004,0,0,0,16.125,0,0,0,16.30516,0,0,16.3017,0,0,15.9508,0,15.50357,0,0,0,0,0,0,15.30616,15.2951,15.66481,15.31142,0,0,0,16.90756,16.96811,16.01951,0,17.21955,0,15.67173,16.1475,16.04612,15.65245,0,0,18.09141,0,16.37602,17.10606,0,16.02623,15.30441,0,16.12299,15.85572,0,0,16.01311,0,0,15.71829,15.50899,16.20529,0,0,16.32197,15.73523,15.56752,15.95049,15.24005,0
1,15.77139,15.58933,15.58458,15.89248,0,17.06906,0,0,15.83038,15.4053,0,0,15.15467,0,0,0,15.78646,0,0,15.78826,0,16.30655,16.38564,15.5882,16.37202,0,0,0,0,15.79519,0,0,0,15.6063,0,0,0,15.637,0,0,0,0,0,0,16.02225,0,0,0,0,0,0,0,0,0,0,0,0,0,0,0,17.74807,0,16.30331,0,17.40351,14.9663,0,15.36305,0,0,0,0,0,0,15.75965,0,0,0,0,0,0,17.91442,0,0,0,0,0,16.16928,0,16.29843,0,0,15.52305,0,0,16.01472,0,0,15.33258,15.38824,0,0,15.88961,15.70083,0,14.97282,0,15.929,14.69963,0,0,16.10898,0,0,0,15.01555,0,15.89943,0,0,0,0,0,0,0,16.04514,15.252,0,15.81878,15.30315,15.21162,0,0,16.71449,16.90437,15.86324,15.94976,16.95666,0,0,15.80135,0,15.61036,0,0,0,0,16.27954,16.95078,0,15.79502,0,17.00604,0,15.86035,13.87469,15.09054,0,0,0,15.25808,0,0,0,0,15.97599,15.68923,15.76681,0,0,0
1,0,0,0,15.75393,13.96838,12.53404,13.17358,0,15.24262,0,0,0,0,0,18.28918,0,0,14.40074,15.55017,0,0,0,0,0,0,14.7526,0,0,0,13.6605,0,0,0,14.85372,15.13686,0,0,0,0,0,0,0,0,13.25805,14.58452,0,0,13.89873,13.39917,0,0,0,0,0,0,0,0,0,0,0,0,15.16313,0,0,13.21911,0,0,0,13.30066,0,0,13.69864,0,0,0,0,13.93552,0,12.71867,0,0,16.28605,0,13.32271,0,0,0,13.59522,0,0,0,15.15045,0,0,0,0,0,0,12.86817,13.21556,14.3487,0,0,0,0,0,0,0,0,0,0,0,0,0,0,13.53676,0,15.2006,0,0,0,13.65976,0,0,0,0,0,0,0,12.99504,14.49887,0,14.32329,13.31617,0,0,0,0,0,0,0,0,12.51242,13.90353,14.51803,0,0,0,0,14.74801,14.91737,0,15.64102,15.8932,0,13.42393,0,0,0,0,0,0,14.89886,0,12.65752,0,0,0,0,13.67318,0
1,0,14.49707,0,15.47788,0,0,0,0,0,0,0,0,0,0,18.3195,0,0,0,15.46888,0,0,0,15.66939,0,0,14.85034,0,0,0,13.59443,0,0,0,0,15.05281,0,0,0,0,0,0,0,12.95313,0,0,0,0,0,0,0,13.72244,0,0,0,0,0,14.20779,0,0,14.64233,0,0,0,0,13.62195,13.93117,0,0,15.19178,0,0,0,0,0,0,13.50083,0,15.13128,0,13.59899,0,19.10939,0,0,0,0,0,0,0,14.99284,0,0,0,0,0,0,0,13.98456,0,0,16.97051,0,0,0,0,0,0,0,0,0,0,15.36994,0,0,0,13.65078,0,15.29786,0,0,13.14159,0,0,0,0,0,0,0,0,0,0,0,0,0,0,0,0,0,0,0,0,15.36977,0,13.80941,0,0,0,15.57603,0,13.95503,0,0,0,0,0,13.50314,0,0,0,0,15.10748,14.56202,0,0,0,0,0,0,0,14.52498,13.78559
1,0,0,0,15.07201,0,0,0,0,15.48009,13.90162,0,0,13.33579,0,17.42699,0,0,0,0,0,0,0,0,0,0,0,0,0,0,13.58526,0,0,13.58006,0,15.08266,0,0,0,0,0,15.38277,0,0,0,0,0,0,0,0,0,0,0,14.21568,0,0,0,0,0,0,0,0,0,15.85773,0,13.70552,0,0,0,15.16132,0,0,0,0,0,0,0,13.83313,15.19969,0,0,0,19.30874,0,13.60078,0,13.60056,0,0,0,15.37386,0,14.86504,0,0,0,0,0,0,0,0,0,0,0,0,0,0,13.96823,0,15.71327,0,0,0,0,0,15.44164,0,0,0,0,0,13.2582,0,0,0,0,0,0,0,0,0,14.28836,0,0,0,0,14.61785,0,0,0,0,15.64909,15.17204,0,0,0,0,13.53132,0,0,0,0,0,18.54592,15.34295,0,13.36017,13.83342,0,0,13.8917,15.13339,14.49496,0,0,0,0,13.64344,0,15.50533,0,0
1,0,0,0,15.80222,0,0,0,12.87423,15.32784,0,0,0,0,0,16.61102,0,0,0,0,14.64222,0,0,0,0,0,0,0,0,0,13.43266,0,0,0,0,14.95224,0,0,0,0,0,0,0,13.5453,0,0,0,0,0,0,13.87719,13.73078,0,13.94627,0,0,0,0,0,0,14.6746,0,0,0,0,13.73344,13.70038,0,0,0,0,0,13.19425,0,0,0,0,0,15.16652,0,0,0,19.14903,13.95713,0,0,0,0,0,0,15.64406,0,0,0,0,0,0,0,0,0,0,16.98897,0,0,0,0,14.45477,14.16221,0,15.58248,0,0,0,0,0,0,0,0,14.89733,0,0,0,0,0,0,0,0,12.49294,0,0,0,0,0,0,13.90213,0,14.58052,0,0,0,0,0,15.83961,0,13.79698,14.53853,0,0,0,0,0,0,0,18.44209,0,0,0,0,13.19792,0,14.11961,15.13675,0,0,14.10056,0,0,0,14.66039,0,0,13.41278
1,0,0,0,0,0,0,0,0,15.19671,0,0,18.74136,12.95111,0,18.30905,0,0,14.48549,0,0,0,0,0,0,0,13.29281,0,0,0,13.11867,0,12.95338,0,0,0,0,0,0,0,0,0,0,13.84466,0,0,0,0,0,13.53432,13.63721,13.31864,0,13.31413,0,0,0,0,0,0,0,0,0,0,0,13.03301,0,0,0,0,0,0,0,0,0,0,13.45686,0,0,0,0,15.44132,18.02307,14.16315,0,0,0,0,0,0,0,0,14.52073,12.7249,0,0,0,0,13.93766,0,0,16.13414,0,14.17708,0,0,14.59188,14.57871,0,14.56779,13.35092,0,0,0,0,0,0,17.0224,0,0,0,0,0,0,0,0,0,0,0,0,0,0,0,0,0,0,0,0,0,0,0,15.65656,15.8476,0,13.89496,14.67373,0,0,15.32518,0,13.98919,0,0,17.52249,0,0,0,14.61687,0,0,14.06771,13.22814,0,0,14.17642,0,0,0,0,0,0,0
1,0,0,0,15.81631,0,0,0,0,15.25091,13.19731,0,0,0,0,16.84783,0,10.02022,14.1351,15.53179,0,0,0,0,0,0,0,0,0,0,13.0266,0,0,0,0,0,0,0,0,0,0,0,0,13.74883,0,0,0,0,0,13.5911,13.64118,13.37928,0,0,0,0,11.53302,0,0,0,14.58024,0,14.0051,0,0,13.00544,13.67104,0,0,0,0,0,0,0,0,0,13.4931,13.65107,0,0,0,15.35893,18.15724,14.55362,0,0,0,0,0,0,0,0,0,0,0,0,0,0,0,0,0,16.27938,0,0,0,0,14.44497,14.46368,0,0,0,0,0,0,0,0,0,0,0,0,13.04011,12.64628,13.13685,0,0,0,0,0,0,0,0,14.94198,0,0,0,0,0,0,0,0,0,15.61057,15.92971,0,13.71962,0,0,0,0,0,13.80189,0,0,17.63283,15.04248,0,0,0,13.09866,11.93161,14.1135,13.2938,13.87787,0,0,0,0,0,0,0,0,13.21795
1,12.80603,0,13.42997,0,13.51323,12.69955,0,0,0,13.64015,0,0,14.30543,13.17631,0,12.31006,14.74514,14.39346,0,14.78601,13.73358,0,15.43058,0,0,13.97206,0,14.04653,14.88215,13.85016,12.29507,0,0,0,0,0,0,14.89732,0,11.54324,15.41409,0,12.868,0,0,12.48092,0,0,13.94778,11.23537,13.67865,10.11604,0,0,0,12.00647,0,9.206373,12.40753,14.65442,11.50289,0,15.6992,12.54745,13.85278,0,10.76206,0,14.96517,13.92475,11.10759,13.32167,11.81753,9.882523,16.04098,13.76602,0,15.93434,0,0,14.44319,19.06269,0,0,0,14.11686,0,0,0,14.8164,10.45275,10.97394,13.12356,0,0,0,10.64962,0,13.39788,13.213,16.54517,10.33609,14.41406,0,11.8225,13.91817,13.89042,14.06239,14.4913,11.47087,0,15.75448,12.82426,11.27353,0,0,0,15.03089,0,11.93858,0,14.1541,11.73396,0,0,9.605667,0,11.47816,0,9.255643,14.26165,12.87843,13.63446,14.61678,16.14738,14.37205,0,12.37994,10.91852,13.48089,15.75851,15.57069,12.78794,14.63089,14.48423,0,0,12.36184,0,0,15.38138,0,17.31438,0,0,13.03286,14.01592,13.37311,0,13.85966,16.03521,0,9.75501,0,0,0,9.527242,0,0,0,14.5016
1,14.20237,14.94124,11.09898,15.66442,15.01962,16.08956,0,14.0891,0,14.51641,0,14.2687,14.46738,0,18.10658,12.03461,14.96001,14.40858,0,0,14.54819,15.68996,15.60374,0,0,0,0,0,15.14022,0,13.65977,0,0,0,0,13.35787,0,0,0,12.13859,15.52562,0,13.0689,0,0,14.4009,0,14.84643,13.94535,11.94737,0,10.75908,15.04593,0,12.37482,11.78865,14.92204,14.17038,12.57229,0,11.7107,15.21201,16.42186,15.38817,16.5105,14.07793,11.18719,0,14.8754,12.4561,0,14.28623,12.29196,10.95432,14.9791,13.86367,14.62396,0,13.96947,14.10262,0,18.02555,13.88978,14.4272,13.54035,14.057,0,15.02098,12.34264,15.23109,14.4985,14.96688,14.49538,14.2624,0,11.66177,11.61632,0,14.55745,14.21693,15.81102,0,14.94645,15.07528,12.96732,14.09367,0,15.2068,14.24473,12.29227,0,15.5965,13.19029,13.90216,0,0,0,15.37211,0,12.92611,14.21945,14.27879,12.91456,0,13.97153,0,13.83531,14.45233,15.38595,10.74073,13.97241,0,0,15.0182,16.28542,0,15.24447,14.84404,0,14.45776,15.12715,0,14.19389,14.77834,14.4063,0,0,15.70332,14.71112,15.04847,15.14007,0,17.02922,0,0,13.41113,14.13268,14.89503,14.63968,14.35939,15.05882,0,11.1264,0,0,15.13896,10.72871,0,15.48134,14.84755,0
1,14.78333,15.02548,11.09619,15.61396,0,16.63723,0,0,15.48822,14.36486,0,18.42649,14.55072,14.48521,0,12.21543,14.92086,0,0,15.15305,14.86153,0,0,14.59985,0,0,0,14.36915,0,0,14.15075,0,14.46079,15.42646,0,0,0,0,13.0946,13.16837,0,0,13.07209,0,15.22336,0,14.57328,0,0,15.28808,14.82317,10.62505,15.13203,0,12.60696,11.92189,0,14.54145,15.55491,0,12.13214,0,16.74597,15.8926,16.88457,13.97029,11.21997,0,0,13.46215,0,14.47562,10.65914,11.21246,15.00284,13.95396,14.57446,0,0,14.12528,0,0,0,0,13.45737,14.21095,14.34009,0,12.60126,15.30203,14.69234,11.18644,14.85478,14.80075,0,12.15472,11.02415,0,14.91129,14.5306,0,13.44456,14.96631,15.36212,13.97435,14.1582,0,11.67633,0,14.50114,0,15.3375,13.64998,11.39977,0,14.18415,14.58644,15.42109,0,11.35538,14.43339,14.29754,13.22825,14.45663,14.47788,11.45993,0,10.91107,15.41914,14.4708,14.05464,12.13754,0,14.95706,16.46691,0,15.65243,15.19812,13.2295,14.62207,15.403,15.77834,14.54386,14.77313,14.24823,18.4037,0,15.90781,0,15.19549,0,0,0,0,15.21325,13.45153,14.07004,14.98594,14.59104,14.23097,0,14.62235,15.43636,0,0,0,11.29895,0,0,14.80712,14.72428
1,15.21389,0,0,0,0,0,0,0,16.52808,0,0,0,0,0,0,0,16.91734,0,15.47622,0,0,0,0,0,0,0,15.74524,15.33321,0,0,0,0,0,18.65523,0,0,16.21455,16.6741,0,15.51388,0,0,0,0,0,0,15.68702,0,0,15.65311,0,14.27859,0,0,0,16.27777,0,0,0,0,0,0,0,16.50311,15.09383,16.34801,15.58527,0,15.26873,15.18295,0,0,14.3492,0,0,0,0,18.77919,0,14.85506,0,0,0,16.12159,0,0,0,0,0,0,0,0,0,0,0,15.68915,14.92371,0,0,0,0,0,0,0,0,0,0,0,0,15.21715,0,0,0,0,16.35744,0,0,0,0,15.31472,0,0,0,0,0,15.70324,0,13.95153,16.04937,0,0,0,0,15.16256,0,0,0,0,0,0,0,0,0,0,0,18.2436,15.45125,0,0,0,16.31658,0,0,0,16.23761,0,0,0,0,0,0,0,0,0,15.85717,0,0,0,0,15.38634,0
1,15.04834,0,15.68443,0,0,0,0,0,0,0,17.42602,0,15.67499,0,18.37415,16.13715,16.91315,0,0,0,0,0,0,0,15.95978,0,0,0,0,0,0,0,0,15.66326,0,0,0,16.66703,0,0,0,15.89433,0,0,15.62622,15.12075,15.82929,0,0,0,15.17309,0,0,0,0,0,0,15.38544,0,0,17.07247,0,16.51115,16.59413,0,0,15.49011,15.16065,15.31266,0,0,0,0,0,0,0,0,0,0,0,0,0,0,0,0,0,0,0,0,16.01722,0,0,15.13923,0,0,15.71535,0,0,0,0,0,15.62553,15.8313,0,0,0,0,16.10555,0,0,0,0,0,0,16.26882,0,0,15.97158,16.7019,0,0,0,0,15.54444,0,0,15.47422,0,0,0,0,0,0,15.61828,0,0,0,15.52505,0,0,0,0,0,0,0,0,0,16.51525,16.30771,0,16.32395,14.87737,0,0,0,0,0,15.4538,0,0,0,0,16.05495,0,0,0,0,16.69336,16.12942,15.23845,0
1,14.59589,0,0,0,0,0,0,0,16.23964,0,17.45222,0,0,0,18.29899,0,16.67921,0,0,15.30378,0,0,16.50351,15.72548,0,0,15.37834,0,0,0,0,0,0,0,0,0,15.97922,16.35973,0,15.48257,16.66767,0,0,15.19981,0,0,0,0,0,0,0,0,0,0,0,0,0,0,15.98561,0,16.65832,0,16.8859,15.97091,0,15.97473,12.27541,15.22351,15.00893,0,0,0,0,0,0,0,0,0,0,15.21305,0,0,0,0,0,0,0,0,0,16.0293,0,16.09943,0,0,0,12.23035,0,0,0,0,0,0,15.89339,0,0,0,0,0,0,15.59849,0,0,0,0,0,0,0,0,0,0,0,15.26279,0,0,0,0,0,0,0,0,0,0,0,12.34123,0,0,0,0,0,0,0,0,0,0,0,0,0,0,0,0,16.13063,15.15834,0,0,0,0,0,0,0,0,0,0,0,0,0,0,0,16.67676,16.18571,15.3359,0
1,0,14.98705,0,0,14.83339,12.67635,0,0,16.16016,0,16.69902,0,13.40019,0,0,0,0,15.28637,0,15.76056,0,15.88381,16.30872,0,16.0692,0,0,13.4342,15.84166,0,0,0,15.07437,15.77723,0,0,0,0,0,0,0,0,12.54722,15.16581,0,13.44999,0,0,13.79101,13.59853,0,0,0,0,0,0,14.38945,13.46753,0,15.05547,0,0,0,0,0,14.01513,0,0,0,0,0,0,0,0,0,13.76872,13.39487,0,0,14.99786,14.48898,16.70131,0,15.20036,0,14.31221,0,0,0,15.90773,0,0,0,15.46933,0,0,0,0,13.38955,13.42116,14.66085,0,15.78542,0,0,14.19387,13.80786,15.60225,0,0,14.98061,0,0,0,0,0,14.83254,15.8694,16.55914,0,0,13.37428,0,0,0,0,0,0,0,0,0,0,0,13.65819,0,0,0,0,0,0,0,14.89319,12.99384,0,14.13599,0,0,0,0,0,0,0,15.94888,16.04694,0,0,0,13.35214,0,13.98178,13.58464,14.17706,0,14.71466,0,0,0,15.65869,16.20607,15.19675,0
1,13.27918,0,9.009925,15.3332,14.8397,12.20433,12.80009,13.38494,0,0,0,0,0,13.22815,18.17936,11.48289,13.7659,0,0,0,9.568742,0,15.7969,0,0,0,13.85667,0,0,13.7806,12.62725,13.29628,0,0,0,0,0,0,11.98053,12.86969,15.65977,0,0,12.90051,0,0,0,13.67216,13.74915,13.32457,13.53604,9.73167,0,0,0,0,14.32044,13.56894,11.80815,0,10.01391,0,9.151619,11.14781,13.33823,0,9.92535,0,0,0,0,13.53334,9.335306,8.217022,13.10643,13.68851,0,0,10.17543,0,0,0,0,0,11.90216,0,0,0,10.65041,15.63542,13.13239,0,12.52265,0,0,10.68484,9.146568,0,13.35883,13.33416,14.06714,11.13143,14.9729,0,13.2464,14.25025,0,11.14586,0,9.363654,0,0,0,10.94641,0,0,0,0,0,10.09217,10.21785,0,10.02363,0,0,0,0,10.65114,0,8.656336,0,10.93821,14.2302,13.46199,0,0,14.93149,11.8311,11.93176,0,0,0,13.05479,0,0,0,0,10.79569,0,14.84967,0,0,15.44376,15.61083,0,0,13.8428,0,12.30946,13.95292,0,0,9.122532,0,0,0,8.628301,0,0,0,0
1,0,0,0,0,0,0,0,0,0,0,0,0,13.27048,0,0,0,16.43255,0,0,0,0,0,0,0,0,0,0,0,0,13.3716,0,0,0,0,0,0,0,0,0,0,15.83042,0,0,0,0,0,0,0,0,0,0,0,0,0,0,0,13.85641,0,0,14.95962,0,0,0,0,0,14.17712,0,12.86823,0,0,0,0,0,0,0,13.76315,0,0,0,13.51247,0,0,0,13.31527,0,0,13.93143,0,0,15.48089,0,0,0,0,0,0,0,0,0,0,0,0,14.96335,0,0,0,0,0,0,0,0,0,0,0,0,13.70683,0,0,0,0,0,0,0,0,0,0,0,0,0,0,0,0,0,0,0,0,0,0,0,0,15.92598,13.97167,0,0,13.91134,0,0,0,0,14.83538,0,0,0,0,0,0,0,0,0,13.96171,0,0,0,0,0,0,0,0,0,0,0
1,0,0,0,0,0,0,0,0,0,0,0,0,14.05388,0,18.21097,0,14.77253,14.35896,15.70342,0,0,0,15.7507,0,0,13.14487,14.69365,14.07714,0,13.54787,0,0,13.87183,0,14.74907,0,0,14.30694,0,0,0,0,0,0,14.69222,0,0,0,0,0,13.53339,0,0,0,0,0,14.66437,0,0,14.97818,0,0,0,0,0,14.18466,0,12.75651,0,0,0,0,0,0,0,13.93938,13.76126,0,0,0,0,0,13.62562,13.39312,0,14.37972,0,0,0,0,0,0,0,0,0,0,0,0,0,0,0,0,0,0,0,14.24956,0,0,0,0,0,0,0,0,15.46694,14.17422,0,0,0,0,0,13.76032,0,0,0,0,0,0,15.18567,0,0,0,14.32124,0,16.40759,0,0,0,0,0,0,0,0,14.41609,13.91109,0,0,0,14.04051,0,0,0,0,15.68289,15.4368,0,14.18418,0,13.76657,14.28245,0,14.71269,0,0,0,0,0,0,0,0,0
1,0,0,0,0,0,0,0,0,0,0,0,0,14.29719,0,0,0,14.69652,14.59121,15.61855,0,0,0,0,0,14.04062,0,0,0,0,0,0,0,0,0,14.85095,0,0,0,0,0,0,14.37415,0,0,0,0,0,0,0,0,0,0,0,0,0,0,14.91181,0,0,15.13276,0,0,0,0,0,0,0,0,0,0,0,13.84359,0,0,0,14.04834,14.26139,0,0,0,0,0,0,0,0,0,0,0,0,0,0,0,0,0,0,0,0,14.7401,0,0,0,0,0,0,0,14.37935,0,0,0,0,13.48826,0,0,0,15.9975,0,0,0,16.14741,0,0,0,0,0,0,0,0,0,15.3344,0,14.62962,0,0,0,16.66799,0,0,0,0,0,15.88086,0,0,14.76567,14.06714,0,0,0,14.63703,14.4721,0,13.37108,0,15.46686,0,0,14.28797,0,14.01278,14.34707,0,0,0,0,0,0,0,14.311,15.75764,13.30668,0
1,0,15.17102,0,15.47767,0,0,14.34585,0,0,0,0,0,0,0,0,0,14.76641,0,0,15.62456,0,0,16.04539,0,14.51326,0,13.95201,0,0,0,0,0,14.23458,15.07082,14.82266,0,0,0,0,0,0,0,12.969,13.97819,14.85467,0,0,0,0,0,14.32472,0,0,0,0,0,14.89887,0,0,15.04197,0,0,0,0,0,14.10093,0,13.96769,0,0,0,14.14049,0,0,0,14.02986,14.11198,13.84991,0,14.10197,14.84642,0,0,14.15123,0,14.41499,0,0,0,15.84928,0,0,0,0,15.60322,0,0,0,0,0,0,0,15.20302,0,0,0,14.11898,0,0,0,14.19768,16.08485,0,0,0,0,0,15.44372,0,0,0,0,0,0,13.64382,0,13.80087,0,0,0,0,0,0,0,16.68527,0,0,0,0,0,16.02755,15.18254,0,14.81759,14.37488,0,14.53076,0,0,15.17231,15.7863,0,0,0,0,12.87189,0,0,14.00737,14.40676,0,0,0,0,14.26426,0,0,0,16.07055,0,14.21041
1,0,0,13.11707,0,0,12.36062,0,0,0,0,0,0,12.93394,0,18.15859,0,9.11762,0,15.55103,14.94063,0,0,16.29341,0,14.57879,0,0,0,15.75073,14.4508,0,14.70237,0,15.22481,0,0,0,0,0,0,16.04755,14.73827,0,14.03867,14.60562,12.6681,0,0,13.53159,13.81767,0,0,0,0,0,0,14.07823,13.24727,0,0,0,0,0,0,13.27171,0,0,13.87236,0,0,0,14.08998,0,0,0,13.8154,0,13.93437,0,0,14.44649,16.88364,14.14931,14.10233,0,0,0,0,0,15.60527,12.94057,0,0,0,14.59062,0,0,0,13.21334,13.14573,14.99228,0,15.07301,0,0,14.04508,0,11.72712,0,0,0,0,0,0,0,13.14491,0,0,0,0,0,0,0,0,13.78832,0,12.33599,0,0,0,0,0,0,8.277349,15.68418,12.17788,0,0,0,13.18216,15.34865,15.30227,12.56822,13.87929,0,0,14.49457,0,0,15.18566,0,13.64235,16.38023,0,0,0,0,13.20157,0,13.69975,12.97837,13.76605,0,0,0,0,0,14.7919,0,0,13.26717
1,13.07808,0,0,0,14.1957,12.37707,13.11893,12.70508,0,13.53109,0,0,13.28143,0,18.16799,10.00576,0,0,0,14.61661,8.222922,0,15.54326,0,0,13.1283,0,0,0,13.30391,12.52953,0,0,0,14.4364,0,0,0,10.954,10.53836,15.41183,0,12.38525,0,0,0,0,0,13.71593,13.8074,13.39889,8.896068,13.69134,0,10.6559,0,14.21118,0,11.7399,0,10.07441,14.48197,9.658819,11.48114,13.35447,13.71909,8.472805,12.71529,11.83958,0,0,13.13264,9.538936,7.865899,12.69047,13.31203,13.32417,0,12.66238,0,0,17.28349,0,0,13.11474,13.8437,13.61975,0,9.093696,0,0,0,12.37847,0,15.50446,0,10.4881,0,13.34836,13.05033,15.17093,10.13107,0,0,0,14.02458,0,13.5198,0,9.454564,0,15.39056,11.9164,11.98022,0,0,0,0,0,11.89553,16.64425,0,10.21804,0,0,0,12.51921,9.930152,0,7.369543,0,12.10137,0,7.194908,0,0,0,9.308043,11.04008,13.30619,0,14.80241,0,0,0,0,0,14.64543,0,14.35086,15.37658,0,16.43879,0,0,0,13.64357,0,0,13.38385,13.37512,0,9.912395,0,0,13.94525,7.375336,0,0,0,12.878
1,13.0267,0,13.29223,15.79431,14.26968,0,12.20408,0,0,13.61172,0,0,13.39056,13.29202,18.16954,0,0,0,15.66382,0,0,0,0,0,0,0,0,0,0,13.15246,12.19856,0,0,0,0,0,0,0,0,0,15.50055,0,13.23277,0,14.64847,0,0,0,13.88531,13.97618,0,9.448435,0,0,0,0,14.40713,0,12.09875,0,10.96298,0,0,12.24969,13.45221,14.24061,13.86078,0,12.27864,10.19007,12.19387,0,0,12.49294,0,13.69228,13.69063,0,12.40962,0,15.0378,16.87535,0,13.26031,0,0,0,0,9.967133,0,0,0,12.36671,0,0,11.32832,11.50635,0,13.46597,13.39197,0,0,0,0,0,0,14.34321,14.74352,13.60485,0,0,0,0,0,0,13.56063,15.17976,0,0,11.5925,0,13.55018,10.71265,0,0,8.583965,0,10.5821,0,0,14.41608,0,0,7.944775,15.97818,0,10.36556,9.605303,0,13.58673,0,0,12.99397,14.06045,14.26065,0,0,12.83271,0,14.2,0,12.41989,16.39966,0,0,0,14.33029,0,0,14.23447,12.86249,14.14327,0,0,0,14.64435,0,0,0,0,0
1,0,15.99911,0,0,16.20699,16.11625,0,0,16.49482,0,0,0,0,0,17.32083,16.06713,0,0,0,15.52678,16.06324,0,15.87848,16.02072,0,0,0,0,0,13.46486,14.9771,0,0,0,15.47333,15.30019,16.02547,16.66515,15.23525,15.47296,15.63776,0,12.94918,0,0,15.70359,0,15.86556,15.7568,16.57413,13.80116,15.63146,0,14.95939,0,0,0,0,16.72893,15.69396,16.42076,14.41498,16.56851,15.09396,16.34053,15.12002,16.22387,0,13.44215,14.63248,0,13.48876,11.79433,0,15.75219,0,0,0,15.83337,0,14.98715,17.76678,0,13.44609,14.63454,0,0,16.53828,14.69753,15.52772,15.45009,0,15.65933,0,0,12.43333,13.23162,0,15.57899,15.61234,15.51299,13.1836,0,15.66734,14.9666,0,14.12251,16.17452,13.8085,12.86952,0,16.59411,14.80616,15.23723,16.34663,15.58929,0,0,0,15.6612,15.5833,0,15.23756,0,0,13.20988,0,15.11378,0,15.49586,0,15.30296,0,16.85863,16.7996,15.53965,15.87271,15.78957,15.1959,15.70837,0,0,15.60077,15.95004,14.10098,0,0,16.4289,15.71902,14.33421,0,0,16.30491,0,16.16508,13.03846,15.15129,16.11036,0,0,0,15.59696,12.90626,0,0,0,0,14.46389,0,0,15.89588
1,0,15.94209,0,15.59757,16.20699,16.11625,0,0,16.48057,15.86102,0,0,0,0,0,16.06713,0,0,15.67929,0,16.06324,0,16.46029,0,16.58781,13.66692,0,15.66595,0,16.21778,14.9771,0,0,15.82049,0,15.30019,0,16.60667,15.23525,15.47296,0,0,13.02032,15.59855,16.10722,15.70359,0,15.86556,15.7568,16.57413,15.74946,15.63146,0,14.95939,0,0,0,0,16.72893,0,16.42076,0,16.56851,15.09396,16.34053,0,16.22387,0,13.44215,14.63248,0,0,11.79433,0,15.75219,0,0,15.46105,15.83337,0,14.99795,17.76678,14.15084,0,14.63454,0,0,16.53828,14.69753,16.01906,15.45009,15.94416,15.65933,15.74851,16.15198,12.43333,13.23162,15.79467,15.57899,15.61234,15.51299,13.1836,16.03756,15.66734,14.9666,0,14.29261,16.17452,13.8085,12.86952,15.93309,0,14.80616,15.23723,16.35618,15.51549,0,15.88871,16.25359,15.6612,15.5833,15.50634,15.23756,0,0,13.20988,15.47186,15.11378,15.97124,15.49586,0,15.30296,0,16.85863,16.72101,15.53965,15.87271,15.78957,15.1959,15.70837,16.30786,0,15.60077,15.87569,0,0,16.20245,16.4289,15.70834,16.27355,0,0,16.30491,16.26762,0,13.24825,0,16.11036,15.59773,0,0,0,12.90626,15.0626,0,0,0,16.19745,16.07783,0,0
1,0,15.96033,0,0,0,0,0,15.43444,0,15.52442,0,0,15.70011,0,17.3106,0,0,0,0,15.95495,0,0,0,0,16.31124,13.85397,0,15.65102,0,15.77333,0,0,15.73421,0,0,0,0,16.57231,0,0,0,0,13.10745,0,15.52439,0,0,0,0,0,15.60264,0,0,0,0,0,0,0,0,0,0,0,0,0,0,0,0,0,0,0,0,15.50765,0,0,0,0,0,14.49344,0,0,14.98991,0,0,15.31504,0,0,0,0,0,16.19768,0,0,0,15.71626,16.21719,0,0,0,0,0,0,0,16.0149,0,0,0,0,0,0,0,15.86826,16.46389,0,0,0,0,0,15.96661,16.40708,0,0,15.46109,0,0,15.61995,0,0,0,15.8233,0,0,0,15.79204,0,0,0,0,0,0,0,0,16.01793,0,0,14.26893,0,15.92637,0,0,15.95395,0,0,0,0,0,13.11022,15.05628,0,0,0,0,0,0,0,0,0,0,16.44481,16.24047,0,0
1,15.81792,15.78058,0,0,16.13416,16.15849,0,0,16.46202,15.77744,0,15.69865,0,15.62637,0,15.80347,15.91487,0,0,15.9354,0,0,16.61944,0,16.63327,0,15.65116,0,0,0,0,16.26352,15.65314,0,15.82474,15.31962,16.06623,15.90543,0,0,0,0,12.50566,15.83033,0,0,0,15.99431,15.77447,16.70569,0,15.76243,0,14.81853,15.22838,0,0,0,16.68845,0,0,0,16.5841,0,16.541,0,16.10097,0,0,15.48392,0,0,0,0,0,0,0,0,16.04553,0,0,17.90733,0,15.53187,0,0,0,16.63523,14.85281,0,0,16.21894,15.69357,0,16.30522,15.85681,0,0,15.57742,15.73678,15.56387,0,15.98232,15.77027,0,0,0,16.28442,0,0,0,16.35215,15.5519,15.24629,0,0,0,16.06114,16.27843,0,0,15.29144,0,0,15.57287,0,0,15.06877,15.77604,0,0,0,16.17673,16.83367,0,0,0,0,0,15.75552,16.31598,0,0,0,13.94289,0,0,16.6075,0,16.27159,16.25314,15.61039,16.41641,0,0,0,16.02079,0,15.538,0,16.00705,0,0,15.05551,0,16.00248,0,16.43463,16.09406,0,0
1,15.63148,15.84254,15.71763,0,17.10242,16.91431,0,0,16.41234,0,0,0,15.60774,0,0,0,0,14.37254,0,0,0,15.96811,16.47369,15.82945,16.22446,14.19437,15.98336,0,16.1173,0,0,0,0,0,16.02804,0,16.16653,16.09222,0,0,0,16.80912,13.61276,0,15.64063,15.29769,0,15.67725,15.59859,0,0,0,0,16.19766,14.90814,17.00754,0,15.88574,16.4431,15.72067,17.81421,0,17.98485,16.31548,17.36776,0,0,15.64223,0,0,0,15.5614,14.95734,0,15.34898,0,15.56002,0,0,0,15.56609,18.07454,0,15.36998,0,0,0,16.32864,0,16.14734,0,0,0,0,15.73827,15.73921,0,15.66645,15.45878,15.28765,15.71589,0,15.74806,15.67853,0,0,0,0,0,0,0,0,0,0,0,0,15.53209,0,16.54235,0,0,15.59466,0,15.85871,15.69148,0,0,15.2488,0,0,0,0,0,16.39643,16.82073,15.46899,0,0,0,0,16.44233,16.16641,15.70132,16.33985,0,0,0,0,0,0,16.32014,0,15.32342,0,0,13.56174,16.02169,0,0,0,0,15.47793,16.16081,15.19678,0,0,0,0,0,0,0
1,0,0,0,0,17.26181,17.41811,0,0,16.48469,15.54011,0,0,0,16.07175,17.65235,0,0,0,15.73658,0,15.42786,16.29129,16.4847,0,16.31859,0,0,0,0,16.59524,0,0,0,0,16.07063,15.06036,0,0,15.9025,15.76474,0,15.78002,13.65023,15.39181,15.95014,0,15.46403,16.34074,16.02605,16.25742,0,0,0,16.39697,15.35084,17.04873,0,15.90517,0,0,16.6481,0,17.88979,17.32598,17.81579,15.4952,0,15.76065,15.09614,0,0,0,15.54352,0,16.10359,0,0,0,0,15.5907,0,18.78527,14.6999,0,0,0,0,16.54324,0,16.3133,0,0,15.70206,16.17366,0,15.88238,0,0,15.74903,0,16.70706,0,0,15.62836,0,0,14.71809,16.19227,0,0,0,0,0,0,16.23276,0,0,15.86269,16.67872,0,0,0,0,16.15873,15.55455,16.29568,15.43226,15.58416,15.90157,0,15.55998,0,15.73709,16.72103,16.73343,15.90066,15.85701,0,0,0,16.30553,0,15.76939,0,0,0,0,16.54131,16.88544,17.42819,16.29682,0,16.06781,0,0,13.58086,0,16.08976,15.85198,0,15.6057,0,0,15.47985,0,0,15.66635,0,16.16108,0,0
1,0,0,16.03559,0,0,17.07574,0,13.57476,0,15.57343,0,0,13.77002,0,0,0,0,0,0,0,0,0,0,0,16.51163,0,14.68228,0,16.28274,0,15.38768,0,0,15.82553,0,15.02824,0,0,0,0,0,0,13.55951,0,16.12295,0,0,0,16.0243,16.21048,15.72392,0,0,16.12654,15.49235,0,14.68559,0,16.4523,14.9951,0,0,17.99137,17.38269,17.6532,14.21339,0,0,15.26356,0,15.2956,0,15.41317,15.32285,16.10206,13.90175,13.80455,0,0,0,15.46393,18.56648,14.69435,0,0,0,14.30743,16.48774,0,16.38334,0,0,15.78514,0,15.80125,0,0,0,15.78173,0,0,0,0,15.54827,0,14.30841,14.87905,16.02474,0,15.7758,0,0,15.33748,0,0,0,15.25946,0,16.22256,0,15.44689,0,15.16358,16.00773,0,0,0,15.5569,0,15.35195,14.54703,0,0,16.40928,16.38623,16.01383,0,15.77272,0,0,16.10302,15.43093,15.88047,0,14.54082,0,0,16.47941,0,0,15.97426,0,17.8826,16.15305,0,0,14.19794,16.16317,0,13.98281,0,14.31587,0,15.54231,15.47717,0,15.62485,0,0,15.24243,13.58255
1,13.02285,0,0,15.51304,0,13.05812,13.32195,0,0,0,0,0,13.65662,13.51096,18.09456,10.94671,0,0,0,15.01486,0,0,15.96867,0,0,13.09161,0,0,0,13.96252,12.97636,0,0,0,0,0,0,0,0,0,0,14.37914,13.42572,0,0,0,0,0,0,0,14.05305,8.96143,0,0,0,0,13.7841,13.70337,0,0,0,14.77128,16.42757,0,13.94113,14.06767,10.8458,0,14.16212,0,0,13.71335,0,0,0,13.77733,0,0,12.75565,0,15.35155,17.88986,14.87616,13.59875,13.44999,14.46417,0,0,10.50328,15.98026,10.38459,0,0,0,0,0,12.12851,0,0,13.72411,15.79791,0,0,0,0,14.23014,14.9212,15.47706,0,10.42881,0,0,12.61517,12.33693,0,0,0,0,0,13.70569,13.14332,0,11.73597,0,0,0,0,0,0,0,0,11.72965,14.87399,0,16.27592,0,0,10.83596,11.26775,13.9933,16.1786,0,13.23239,14.44986,0,18.38984,0,15.73628,0,0,0,13.20883,16.96451,15.9434,0,0,14.20046,0,12.9402,0,14.42311,0,10.12415,0,0,14.59889,0,13.54375,0,0,0
1,0,0,0,0,0,0,12.97496,0,0,0,0,0,13.70235,0,18.12928,0,13.90016,0,0,0,0,0,0,0,0,13.06655,0,0,0,13.55456,0,0,0,0,0,0,0,0,0,0,16.07638,0,13.45595,0,0,0,0,0,0,0,13.62092,0,13.60929,0,0,0,0,0,0,14.96876,0,14.8664,0,0,0,0,0,12.93687,0,0,0,13.63119,0,0,0,13.87565,0,12.93129,0,0,15.44739,0,0,13.26531,0,0,0,0,0,0,0,0,0,0,0,0,0,0,0,0,0,0,0,0,0,14.33399,0,0,0,0,0,0,0,0,0,0,0,15.5514,0,0,0,0,0,0,0,0,0,0,0,0,14.55107,0,0,0,0,0,0,0,0,0,0,15.36686,0,14.30697,14.1465,0,0,0,0,14.68215,0,12.87258,0,15.93499,0,0,14.25788,0,0,14.1303,0,0,0,0,0,0,0,0,0,0,13.55227
1,0,0,0,15.37387,13.93536,0,0,13.11348,15.18596,0,0,0,0,0,16.7697,0,0,0,0,0,0,0,0,14.25462,0,0,13.99661,0,0,12.97095,0,0,0,0,14.91505,0,15.01321,0,0,0,0,0,13.20216,0,0,12.55631,0,0,13.67047,13.55425,0,0,0,0,0,0,14.42872,0,0,0,0,15.08515,0,0,13.07167,13.66562,0,0,12.8005,0,0,12.77423,0,0,0,0,14.14301,0,0,0,0,18.01662,14.44008,0,0,0,0,0,0,0,0,14.84826,12.77833,0,0,0,0,0,0,12.75892,16.06017,0,0,0,0,13.75323,0,0,14.43863,0,0,0,0,0,0,13.41595,16.8842,0,0,0,0,0,0,0,0,0,0,0,0,0,0,0,0,0,15.57663,12.53776,0,0,0,0,0,0,0,13.72852,0,0,0,0,0,14.1883,14.98379,0,17.38653,0,0,0,0,0,0,13.5391,13.24849,0,0,0,0,14.72313,0,0,0,0,0
1,0,0,0,0,0,0,0,0,0,0,0,0,0,13.26561,0,0,11.05539,0,0,0,0,17.76888,15.55262,0,0,0,14.0795,13.39022,14.99453,14.05125,0,0,0,0,15.09476,0,0,14.6645,0,0,0,0,0,0,0,0,15.01729,14.49361,0,14.02711,13.86225,0,14.10911,0,0,11.64574,14.45506,0,0,0,0,0,0,0,14.04531,13.66627,0,0,0,0,0,13.44578,0,12.51736,0,13.21686,14.03632,0,0,0,14.72426,19.39898,0,0,0,0,13.80032,0,0,14.91868,13.81666,14.60333,13.29332,0,0,0,0,0,0,13.29374,16.95378,0,0,0,0,13.64965,13.88709,15.45385,14.93874,0,0,0,0,0,15.36851,0,0,0,0,0,13.29175,0,0,0,0,0,0,0,0,0,0,0,0,15.21972,15.60647,14.80572,15.26395,0,0,0,0,15.34003,0,0,14.43924,0,14.04566,0,0,13.99676,15.26202,0,17.80853,0,0,0,0,0,0,13.53595,16.21488,0,0,0,0,0,0,14.49315,0,14.49459,13.63371
1,13.57453,14.41312,10.18573,15.33287,0,10.45321,0,0,15.20522,0,0,0,0,0,0,12.25499,13.39807,14.2997,15.43048,0,10.81333,0,15.44636,0,0,14.38744,0,0,15.2187,13.67839,12.69655,13.6557,0,0,0,0,0,0,12.88172,12.83791,0,0,0,0,0,11.46973,0,0,13.93555,13.97654,0,10.42682,0,0,0,0,0,9.857936,12.25751,0,11.29306,0,15.45073,11.67459,0,0,10.60805,0,14.75392,13.73988,0,13.37312,10.91582,10.15028,16.1286,13.43772,14.02481,0,13.71315,0,0,19.18576,13.88617,0,12.2494,0,0,0,13.58785,15.03291,9.602791,14.9399,13.21321,0,0,10.66583,9.542182,13.8327,0,9.003738,16.64871,0,14.35428,0,12.75443,13.64569,13.82959,10.6048,14.60319,10.64334,0,0,12.53669,0,0,13.39482,0,0,0,10.07532,13.19832,13.69076,11.02193,0,0,0,12.92702,10.92109,0,9.913796,14.42453,11.55269,0,14.72178,15.57428,14.48972,14.25427,11.65559,12.09203,0,15.10138,15.36406,12.93996,13.7033,14.18299,0,13.91059,10.66831,0,13.75798,15.07028,0,17.4006,0,0,13.29398,0,10.06948,0,13.88037,16.13651,0,8.464641,0,0,0,9.864076,14.89473,0,0,13.61454